{
  "dist": [
    [
      -0.23763661289503904,
      -0.08541296667095709,
      -0.000790956104167835,
      -0.000115908583639884,
      0.1057413775600158
    ]
  ],
  "matrix": [
    [
      1156.9403437373803,
      0.0,
      665.9486018147752
    ],
    [
      0.0,
      1152.1386878347573,
      388.7851789205259
    ],
    [
      0.0,
      0.0,
      1.0
    ]
  ],
  "ret": 0.8457734672239109,
  "rvecs": [
    [
      [
        0.02311024933082986
      ],
      [
        0.02538840085582358
      ],
      [
        -0.005715527549179358
      ]
    ],
    [
      [
        -0.32754311482339277
      ],
      [
        0.6618315987733878
      ],
      [
        -0.4149811688806444
      ]
    ],
    [
      [
        0.5134288710019953
      ],
      [
        -0.21553737927464167
      ],
      [
        0.02807177531647218
      ]
    ],
    [
      [
        0.6354840629569125
      ],
      [
        -0.04676595453973885
      ],
      [
        0.01693320859527242
      ]
    ],
    [
      [
        0.21950546778574823
      ],
      [
        -0.06364439885148208
      ],
      [
        0.011732904118869044
      ]
    ],
    [
      [
        0.08891569258783111
      ],
      [
        0.3863972288939433
      ],
      [
        0.05540614255590815
      ]
    ],
    [
      [
        0.02994126672384358
      ],
      [
        -0.7028971880395887
      ],
      [
        -0.01906932862132856
      ]
    ],
    [
      [
        -0.020214914901251154
      ],
      [
        -0.48482726014353833
      ],
      [
        0.01852576236130817
      ]
    ],
    [
      [
        0.03716193036515908
      ],
      [
        0.459597499948006
      ],
      [
        0.006582533103017382
      ]
    ],
    [
      [
        -0.19225085682710297
      ],
      [
        -0.7581827125132373
      ],
      [
        0.12062426988498623
      ]
    ],
    [
      [
        0.04403745238789911
      ],
      [
        -0.4608842587342454
      ],
      [
        -0.05739243026663949
      ]
    ],
    [
      [
        -0.4475527778419956
      ],
      [
        -0.06303491637307163
      ],
      [
        -0.018320107206999277
      ]
    ],
    [
      [
        0.03581266197092186
      ],
      [
        0.6480244601507371
      ],
      [
        0.010200684750625844
      ]
    ],
    [
      [
        -0.019588973684685602
      ],
      [
        0.3849997972303017
      ],
      [
        -0.0032861079493735072
      ]
    ],
    [
      [
        0.058584512971547355
      ],
      [
        -0.5150256063654224
      ],
      [
        -0.005202323964424816
      ]
    ],
    [
      [
        0.021500448147797415
      ],
      [
        0.6405561805332896
      ],
      [
        0.009611825287757052
      ]
    ],
    [
      [
        0.17554666194951848
      ],
      [
        -0.05666302437236471
      ],
      [
        -0.0016564274976185957
      ]
    ]
  ],
  "tvecs": [
    [
      [
        -4.8812209739485946
      ],
      [
        -3.918858619958613
      ],
      [
        30.475210944162747
      ]
    ],
    [
      [
        -5.983142677723906
      ],
      [
        -1.618971288714717
      ],
      [
        26.68187974835986
      ]
    ],
    [
      [
        -2.0607009720835547
      ],
      [
        -0.7628197843263669
      ],
      [
        19.601350281577833
      ]
    ],
    [
      [
        -3.802931184300156
      ],
      [
        -1.6195652548000654
      ],
      [
        7.971597933368125
      ]
    ],
    [
      [
        -3.9287451410800913
      ],
      [
        -1.3543796572668998
      ],
      [
        17.031701422073755
      ]
    ],
    [
      [
        -12.955101134244618
      ],
      [
        -5.638899420485372
      ],
      [
        23.725682918705235
      ]
    ],
    [
      [
        0.767901837407116
      ],
      [
        -2.953994732686021
      ],
      [
        19.590284487452323
      ]
    ],
    [
      [
        4.531429641696499
      ],
      [
        -1.5079756592734144
      ],
      [
        19.947234839833627
      ]
    ],
    [
      [
        -16.9071092029661
      ],
      [
        -3.5573318412334287
      ],
      [
        32.03391621458518
      ]
    ],
    [
      [
        -0.8091280020588973
      ],
      [
        -4.62262257352558
      ],
      [
        21.713053267140015
      ]
    ],
    [
      [
        4.9359932910614805
      ],
      [
        -5.087703708651085
      ],
      [
        19.751217211665292
      ]
    ],
    [
      [
        -4.367275837086692
      ],
      [
        -3.077918149827757
      ],
      [
        10.725155465059407
      ]
    ],
    [
      [
        -0.15490453176330773
      ],
      [
        -3.5154686638401036
      ],
      [
        21.890520358155552
      ]
    ],
    [
      [
        -13.3623904892618
      ],
      [
        -0.5313256698583446
      ],
      [
        24.53922282123718
      ]
    ],
    [
      [
        5.430637397087612
      ],
      [
        -4.4932381568489905
      ],
      [
        20.776625078213122
      ]
    ],
    [
      [
        -9.541654618696358
      ],
      [
        -3.34614772840816
      ],
      [
        32.1399640614782
      ]
    ],
    [
      [
        -3.5896717746887346
      ],
      [
        -4.165613706596968
      ],
      [
        17.7997699725705
      ]
    ]
  ]
}